id,refresh_started_at,refresh_completed_at,refresh_duration_ms,status,error_message
1,2026-01-18 17:47:50.25171+00,2026-01-18 17:47:50.25171+00,,success,
2,2026-01-18 17:54:18.687598+00,2026-01-18 17:54:18.687598+00,,success,
3,2026-03-19 09:00:19.378983+00,2026-03-19 09:00:19.378983+00,,success,
4,2026-04-05 13:22:34.647658+00,2026-04-05 13:22:34.647658+00,,success,
5,2026-04-05 13:25:39.876104+00,2026-04-05 13:25:39.876104+00,,success,
6,2026-04-05 21:40:53.322952+00,2026-04-05 21:40:53.322952+00,,success,
7,2026-04-07 22:11:27.245988+00,2026-04-07 22:11:27.245988+00,,success,
8,2026-04-07 22:29:43.177548+00,2026-04-07 22:29:43.177548+00,,success,
9,2026-04-07 22:30:55.815106+00,2026-04-07 22:30:55.815106+00,,success,
10,2026-04-07 22:37:30.898782+00,2026-04-07 22:37:30.898782+00,,success,
11,2026-04-07 23:32:42.305235+00,2026-04-07 23:32:42.305235+00,,success,
12,2026-04-07 23:43:56.120293+00,2026-04-07 23:43:56.120293+00,,success,
13,2026-04-21 14:26:21.009462+00,2026-04-21 14:26:21.009462+00,,success,
14,2026-04-21 14:28:08.875226+00,2026-04-21 14:28:08.875226+00,,success,
15,2026-04-21 14:44:41.953032+00,2026-04-21 14:44:41.953032+00,,success,
16,2026-04-21 14:54:08.634204+00,2026-04-21 14:54:08.634204+00,,success,
17,2026-04-21 15:11:49.332383+00,2026-04-21 15:11:49.332383+00,,success,
18,2026-04-21 15:14:27.800506+00,2026-04-21 15:14:27.800506+00,,success,
19,2026-04-21 15:23:16.975487+00,2026-04-21 15:23:16.975487+00,,success,
20,2026-04-21 15:27:08.979843+00,2026-04-21 15:27:08.979843+00,,success,
21,2026-04-21 15:32:17.047001+00,2026-04-21 15:32:17.047001+00,,success,
22,2026-04-21 16:29:39.554985+00,2026-04-21 16:29:39.554985+00,,success,
23,2026-04-21 16:31:16.982914+00,2026-04-21 16:31:16.982914+00,,success,
24,2026-04-21 16:46:39.15277+00,2026-04-21 16:46:39.15277+00,,success,
25,2026-04-21 17:14:12.762609+00,2026-04-21 17:14:12.762609+00,,success,
26,2026-04-21 17:31:17.101377+00,2026-04-21 17:31:17.101377+00,,success,
27,2026-04-21 17:38:55.247924+00,2026-04-21 17:38:55.247924+00,,success,
28,2026-04-21 18:27:29.756895+00,2026-04-21 18:27:29.756895+00,,success,
29,2026-04-21 18:31:17.014715+00,2026-04-21 18:31:17.014715+00,,success,
30,2026-04-21 19:26:28.927878+00,2026-04-21 19:26:28.927878+00,,success,
31,2026-04-21 19:31:17.042743+00,2026-04-21 19:31:17.042743+00,,success,
32,2026-04-21 20:26:29.30123+00,2026-04-21 20:26:29.30123+00,,success,
33,2026-04-21 20:31:17.210003+00,2026-04-21 20:31:17.210003+00,,success,
34,2026-04-21 20:40:48.332477+00,2026-04-21 20:40:48.332477+00,,success,
35,2026-04-21 21:39:47.984976+00,2026-04-21 21:39:47.984976+00,,success,
36,2026-04-21 22:39:48.020292+00,2026-04-21 22:39:48.020292+00,,success,
37,2026-04-21 23:39:48.011985+00,2026-04-21 23:39:48.011985+00,,success,
38,2026-04-21 23:49:05.053704+00,2026-04-21 23:49:05.053704+00,,success,
39,2026-04-21 23:59:22.60747+00,2026-04-21 23:59:22.60747+00,,success,
40,2026-04-22 00:13:39.447312+00,2026-04-22 00:13:39.447312+00,,success,
41,2026-04-22 00:25:21.49775+00,2026-04-22 00:25:21.49775+00,,success,
42,2026-04-22 00:39:47.798786+00,2026-04-22 00:39:47.798786+00,,success,
43,2026-04-22 01:19:48.640032+00,2026-04-22 01:19:48.640032+00,,success,
44,2026-04-22 01:39:47.966516+00,2026-04-22 01:39:47.966516+00,,success,
45,2026-04-22 01:53:40.866064+00,2026-04-22 01:53:40.866064+00,,success,
46,2026-04-22 02:13:31.256519+00,2026-04-22 02:13:31.256519+00,,success,
47,2026-04-22 02:40:20.510329+00,2026-04-22 02:40:20.510329+00,,success,
48,2026-04-22 02:49:27.251067+00,2026-04-22 02:49:27.251067+00,,success,
49,2026-04-22 02:52:40.570692+00,2026-04-22 02:52:40.570692+00,,success,
50,2026-04-22 03:04:04.770728+00,2026-04-22 03:04:04.770728+00,,success,
51,2026-04-22 03:17:22.096549+00,2026-04-22 03:17:22.096549+00,,success,
52,2026-04-22 03:52:40.831291+00,2026-04-22 03:52:40.831291+00,,success,
53,2026-04-22 04:08:24.670107+00,2026-04-22 04:08:24.670107+00,,success,
54,2026-04-22 04:16:21.928459+00,2026-04-22 04:16:21.928459+00,,success,
55,2026-04-22 05:07:24.603973+00,2026-04-22 05:07:24.603973+00,,success,
56,2026-04-22 05:19:57.037333+00,2026-04-22 05:19:57.037333+00,,success,
57,2026-04-22 05:30:01.193891+00,2026-04-22 05:30:01.193891+00,,success,
58,2026-04-22 05:52:19.026281+00,2026-04-22 05:52:19.026281+00,,success,
59,2026-04-22 06:29:01.302551+00,2026-04-22 06:29:01.302551+00,,success,
60,2026-04-22 06:51:19.049806+00,2026-04-22 06:51:19.049806+00,,success,
61,2026-04-22 07:29:01.490312+00,2026-04-22 07:29:01.490312+00,,success,
62,2026-04-22 07:51:19.119456+00,2026-04-22 07:51:19.119456+00,,success,
63,2026-04-22 08:38:52.971985+00,2026-04-22 08:38:52.971985+00,,success,
64,2026-04-22 08:51:19.009675+00,2026-04-22 08:51:19.009675+00,,success,
65,2026-04-22 09:51:19.308001+00,2026-04-22 09:51:19.308001+00,,success,
66,2026-04-22 10:51:19.4046+00,2026-04-22 10:51:19.4046+00,,success,
67,2026-04-22 11:29:24.008062+00,2026-04-22 11:29:24.008062+00,,success,
68,2026-04-22 11:51:19.175667+00,2026-04-22 11:51:19.175667+00,,success,
69,2026-04-22 11:58:06.24864+00,2026-04-22 11:58:06.24864+00,,success,
70,2026-04-22 12:10:51.172064+00,2026-04-22 12:10:51.172064+00,,success,
71,2026-04-22 12:36:34.256289+00,2026-04-22 12:36:34.256289+00,,success,
72,2026-04-22 13:09:51.058152+00,2026-04-22 13:09:51.058152+00,,success,
73,2026-04-22 13:35:34.34153+00,2026-04-22 13:35:34.34153+00,,success,
74,2026-04-22 14:09:51.156776+00,2026-04-22 14:09:51.156776+00,,success,
75,2026-04-22 14:12:19.634241+00,2026-04-22 14:12:19.634241+00,,success,
76,2026-04-22 14:46:09.992654+00,2026-04-22 14:46:09.992654+00,,success,
77,2026-04-22 14:50:19.40005+00,2026-04-22 14:50:19.40005+00,,success,
78,2026-04-22 15:09:51.320141+00,2026-04-22 15:09:51.320141+00,,success,
79,2026-04-22 16:09:51.2514+00,2026-04-22 16:09:51.2514+00,,success,
80,2026-04-22 17:09:51.184805+00,2026-04-22 17:09:51.184805+00,,success,
81,2026-04-22 18:09:51.802039+00,2026-04-22 18:09:51.802039+00,,success,
82,2026-04-22 18:22:12.807193+00,2026-04-22 18:22:12.807193+00,,success,
83,2026-04-22 19:09:51.16097+00,2026-04-22 19:09:51.16097+00,,success,
84,2026-04-22 19:21:12.602566+00,2026-04-22 19:21:12.602566+00,,success,
85,2026-04-22 20:09:51.207356+00,2026-04-22 20:09:51.207356+00,,success,
86,2026-04-22 20:21:13.058666+00,2026-04-22 20:21:13.058666+00,,success,
87,2026-04-22 20:51:03.137371+00,2026-04-22 20:51:03.137371+00,,success,
88,2026-04-22 21:09:51.118137+00,2026-04-22 21:09:51.118137+00,,success,
89,2026-04-22 21:18:35.717107+00,2026-04-22 21:18:35.717107+00,,success,
90,2026-04-22 21:39:54.365797+00,2026-04-22 21:39:54.365797+00,,success,
91,2026-04-22 22:09:51.372311+00,2026-04-22 22:09:51.372311+00,,success,
92,2026-04-22 22:24:54.038314+00,2026-04-22 22:24:54.038314+00,,success,
93,2026-04-22 22:47:18.312126+00,2026-04-22 22:47:18.312126+00,,success,
94,2026-04-22 23:09:50.901988+00,2026-04-22 23:09:50.901988+00,,success,
95,2026-04-22 23:18:38.179097+00,2026-04-22 23:18:38.179097+00,,success,
96,2026-04-22 23:49:19.267937+00,2026-04-22 23:49:19.267937+00,,success,
97,2026-04-22 23:59:46.912544+00,2026-04-22 23:59:46.912544+00,,success,
98,2026-04-23 00:06:19.996695+00,2026-04-23 00:06:19.996695+00,,success,
99,2026-04-23 00:09:50.932942+00,2026-04-23 00:09:50.932942+00,,success,
100,2026-04-23 00:58:46.991378+00,2026-04-23 00:58:46.991378+00,,success,
101,2026-04-23 01:09:50.973445+00,2026-04-23 01:09:50.973445+00,,success,
102,2026-04-23 01:58:46.821967+00,2026-04-23 01:58:46.821967+00,,success,
103,2026-04-23 02:00:13.27676+00,2026-04-23 02:00:13.27676+00,,success,
104,2026-04-23 02:59:12.360699+00,2026-04-23 02:59:12.360699+00,,success,
105,2026-04-23 03:59:12.293843+00,2026-04-23 03:59:12.293843+00,,success,
106,2026-04-23 04:59:12.347804+00,2026-04-23 04:59:12.347804+00,,success,
107,2026-04-23 05:59:12.284675+00,2026-04-23 05:59:12.284675+00,,success,
108,2026-04-23 06:59:12.366164+00,2026-04-23 06:59:12.366164+00,,success,
109,2026-04-23 07:59:12.288332+00,2026-04-23 07:59:12.288332+00,,success,
110,2026-04-23 08:59:12.370764+00,2026-04-23 08:59:12.370764+00,,success,
111,2026-04-23 09:59:12.573928+00,2026-04-23 09:59:12.573928+00,,success,
112,2026-04-23 10:59:12.609203+00,2026-04-23 10:59:12.609203+00,,success,
113,2026-04-23 11:59:12.414156+00,2026-04-23 11:59:12.414156+00,,success,
114,2026-04-23 12:06:37.27918+00,2026-04-23 12:06:37.27918+00,,success,
115,2026-04-23 12:59:12.367145+00,2026-04-23 12:59:12.367145+00,,success,
116,2026-04-23 13:33:59.594827+00,2026-04-23 13:33:59.594827+00,,success,
117,2026-04-23 13:51:10.535037+00,2026-04-23 13:51:10.535037+00,,success,
118,2026-04-23 13:59:12.203726+00,2026-04-23 13:59:12.203726+00,,success,
119,2026-04-23 14:32:59.264085+00,2026-04-23 14:32:59.264085+00,,success,
120,2026-04-23 14:47:46.725849+00,2026-04-23 14:47:46.725849+00,,success,
121,2026-04-23 14:51:22.067636+00,2026-04-23 14:51:22.067636+00,,success,
122,2026-04-23 14:59:12.265234+00,2026-04-23 14:59:12.265234+00,,success,
123,2026-04-23 15:14:38.544227+00,2026-04-23 15:14:38.544227+00,,success,
124,2026-04-23 15:59:12.388327+00,2026-04-23 15:59:12.388327+00,,success,
125,2026-04-23 16:55:25.01725+00,2026-04-23 16:55:25.01725+00,,success,
126,2026-04-23 16:59:12.138514+00,2026-04-23 16:59:12.138514+00,,success,
127,2026-04-23 17:54:25.34999+00,2026-04-23 17:54:25.34999+00,,success,
128,2026-04-23 17:59:12.255229+00,2026-04-23 17:59:12.255229+00,,success,
129,2026-04-23 18:10:31.107431+00,2026-04-23 18:10:31.107431+00,,success,
130,2026-04-23 18:59:12.270612+00,2026-04-23 18:59:12.270612+00,,success,
131,2026-04-23 19:09:30.644773+00,2026-04-23 19:09:30.644773+00,,success,
132,2026-04-23 19:59:12.323353+00,2026-04-23 19:59:12.323353+00,,success,
133,2026-04-23 20:35:45.169244+00,2026-04-23 20:35:45.169244+00,,success,
134,2026-04-23 20:49:39.930914+00,2026-04-23 20:49:39.930914+00,,success,
135,2026-04-23 21:48:39.937627+00,2026-04-23 21:48:39.937627+00,,success,
136,2026-04-23 22:48:39.918977+00,2026-04-23 22:48:39.918977+00,,success,
137,2026-04-23 23:48:39.820682+00,2026-04-23 23:48:39.820682+00,,success,
138,2026-04-24 00:06:26.751311+00,2026-04-24 00:06:26.751311+00,,success,
139,2026-04-24 00:48:39.856562+00,2026-04-24 00:48:39.856562+00,,success,
140,2026-04-24 01:06:24.829736+00,2026-04-24 01:06:24.829736+00,,success,
141,2026-04-24 01:48:39.749264+00,2026-04-24 01:48:39.749264+00,,success,
142,2026-04-24 02:06:24.788391+00,2026-04-24 02:06:24.788391+00,,success,
143,2026-04-24 02:48:39.856258+00,2026-04-24 02:48:39.856258+00,,success,
144,2026-04-24 03:06:25.043574+00,2026-04-24 03:06:25.043574+00,,success,
145,2026-04-24 03:48:39.821441+00,2026-04-24 03:48:39.821441+00,,success,
146,2026-04-24 04:06:25.148531+00,2026-04-24 04:06:25.148531+00,,success,
147,2026-04-24 04:48:39.997081+00,2026-04-24 04:48:39.997081+00,,success,
148,2026-04-24 05:06:25.270135+00,2026-04-24 05:06:25.270135+00,,success,
149,2026-04-24 05:48:40.025434+00,2026-04-24 05:48:40.025434+00,,success,
150,2026-04-24 06:06:25.208087+00,2026-04-24 06:06:25.208087+00,,success,
151,2026-04-24 06:48:39.999133+00,2026-04-24 06:48:39.999133+00,,success,
152,2026-04-24 07:06:25.021786+00,2026-04-24 07:06:25.021786+00,,success,
153,2026-04-24 07:48:39.92472+00,2026-04-24 07:48:39.92472+00,,success,
154,2026-04-24 08:06:25.321726+00,2026-04-24 08:06:25.321726+00,,success,
155,2026-04-24 08:48:39.946261+00,2026-04-24 08:48:39.946261+00,,success,
156,2026-04-24 09:06:25.253211+00,2026-04-24 09:06:25.253211+00,,success,
157,2026-04-24 09:48:39.821513+00,2026-04-24 09:48:39.821513+00,,success,
158,2026-04-24 10:06:25.459809+00,2026-04-24 10:06:25.459809+00,,success,
159,2026-04-24 10:48:39.913973+00,2026-04-24 10:48:39.913973+00,,success,
160,2026-04-24 11:48:40.45813+00,2026-04-24 11:48:40.45813+00,,success,
161,2026-04-24 12:48:40.250198+00,2026-04-24 12:48:40.250198+00,,success,
162,2026-04-24 13:48:40.203245+00,2026-04-24 13:48:40.203245+00,,success,
163,2026-04-24 14:48:40.097363+00,2026-04-24 14:48:40.097363+00,,success,
164,2026-04-24 15:48:40.101851+00,2026-04-24 15:48:40.101851+00,,success,
165,2026-04-24 16:48:40.15289+00,2026-04-24 16:48:40.15289+00,,success,
166,2026-04-24 17:48:21.899461+00,2026-04-24 17:48:21.899461+00,,success,
167,2026-04-24 18:47:22.313268+00,2026-04-24 18:47:22.313268+00,,success,
168,2026-04-24 18:48:40.118377+00,2026-04-24 18:48:40.118377+00,,success,
169,2026-04-24 19:47:22.604295+00,2026-04-24 19:47:22.604295+00,,success,
170,2026-04-24 19:48:40.047548+00,2026-04-24 19:48:40.047548+00,,success,
171,2026-04-24 20:47:24.822135+00,2026-04-24 20:47:24.822135+00,,success,
172,2026-04-24 20:48:40.021819+00,2026-04-24 20:48:40.021819+00,,success,
173,2026-04-24 21:47:22.389943+00,2026-04-24 21:47:22.389943+00,,success,
174,2026-04-24 21:48:39.928202+00,2026-04-24 21:48:39.928202+00,,success,
175,2026-04-24 22:47:22.485747+00,2026-04-24 22:47:22.485747+00,,success,
176,2026-04-24 22:48:40.035449+00,2026-04-24 22:48:40.035449+00,,success,
177,2026-04-24 23:47:23.131162+00,2026-04-24 23:47:23.131162+00,,success,
178,2026-04-24 23:48:40.387368+00,2026-04-24 23:48:40.387368+00,,success,
179,2026-04-25 00:47:24.826044+00,2026-04-25 00:47:24.826044+00,,success,
180,2026-04-25 00:48:40.034911+00,2026-04-25 00:48:40.034911+00,,success,
181,2026-04-25 01:47:22.843185+00,2026-04-25 01:47:22.843185+00,,success,
182,2026-04-25 01:48:40.002847+00,2026-04-25 01:48:40.002847+00,,success,
183,2026-04-25 01:59:11.662329+00,2026-04-25 01:59:11.662329+00,,success,
184,2026-04-25 02:19:12.674265+00,2026-04-25 02:19:12.674265+00,,success,
185,2026-04-25 02:48:40.623643+00,2026-04-25 02:48:40.623643+00,,success,
186,2026-04-25 03:08:20.778457+00,2026-04-25 03:08:20.778457+00,,success,
187,2026-04-25 03:18:12.572524+00,2026-04-25 03:18:12.572524+00,,success,
188,2026-04-25 04:07:20.936475+00,2026-04-25 04:07:20.936475+00,,success,
189,2026-04-25 05:07:20.957458+00,2026-04-25 05:07:20.957458+00,,success,
190,2026-04-25 06:07:20.725081+00,2026-04-25 06:07:20.725081+00,,success,
191,2026-04-25 07:07:21.01889+00,2026-04-25 07:07:21.01889+00,,success,
192,2026-04-25 08:07:20.727478+00,2026-04-25 08:07:20.727478+00,,success,
193,2026-04-25 09:07:21.265501+00,2026-04-25 09:07:21.265501+00,,success,
194,2026-04-25 10:07:20.807049+00,2026-04-25 10:07:20.807049+00,,success,
195,2026-04-25 10:49:18.422205+00,2026-04-25 10:49:18.422205+00,,success,
196,2026-04-25 11:07:20.794042+00,2026-04-25 11:07:20.794042+00,,success,
197,2026-04-25 11:27:52.419188+00,2026-04-25 11:27:52.419188+00,,success,
198,2026-04-25 11:30:04.471673+00,2026-04-25 11:30:04.471673+00,,success,
199,2026-04-25 11:48:18.462598+00,2026-04-25 11:48:18.462598+00,,success,
200,2026-04-25 12:07:20.719442+00,2026-04-25 12:07:20.719442+00,,success,
201,2026-04-25 12:45:49.563585+00,2026-04-25 12:45:49.563585+00,,success,
202,2026-04-25 12:48:18.415863+00,2026-04-25 12:48:18.415863+00,,success,
203,2026-04-25 13:31:08.170738+00,2026-04-25 13:31:08.170738+00,,success,
204,2026-04-25 13:38:17.113201+00,2026-04-25 13:38:17.113201+00,,success,
205,2026-04-25 13:44:49.640099+00,2026-04-25 13:44:49.640099+00,,success,
206,2026-04-25 14:01:52.677165+00,2026-04-25 14:01:52.677165+00,,success,
207,2026-04-25 14:20:55.286283+00,2026-04-25 14:20:55.286283+00,,success,
208,2026-04-25 14:27:11.004819+00,2026-04-25 14:27:11.004819+00,,success,
209,2026-04-25 14:33:10.305635+00,2026-04-25 14:33:10.305635+00,,success,
210,2026-04-25 14:44:49.913488+00,2026-04-25 14:44:49.913488+00,,success,
211,2026-04-25 15:32:09.826359+00,2026-04-25 15:32:09.826359+00,,success,
212,2026-04-25 15:44:49.747549+00,2026-04-25 15:44:49.747549+00,,success,
213,2026-04-25 16:32:09.615471+00,2026-04-25 16:32:09.615471+00,,success,
214,2026-04-25 16:44:49.913391+00,2026-04-25 16:44:49.913391+00,,success,
215,2026-04-25 17:15:17.586861+00,2026-04-25 17:15:17.586861+00,,success,
216,2026-04-25 17:20:13.689468+00,2026-04-25 17:20:13.689468+00,,success,
217,2026-04-25 17:44:49.799559+00,2026-04-25 17:44:49.799559+00,,success,
218,2026-04-25 18:02:09.61121+00,2026-04-25 18:02:09.61121+00,,success,
219,2026-04-25 18:07:02.158977+00,2026-04-25 18:07:02.158977+00,,success,
220,2026-04-25 18:10:01.152794+00,2026-04-25 18:10:01.152794+00,,success,
221,2026-04-25 18:22:31.278356+00,2026-04-25 18:22:31.278356+00,,success,
222,2026-04-25 18:40:54.366027+00,2026-04-25 18:40:54.366027+00,,success,
223,2026-04-25 18:44:49.939306+00,2026-04-25 18:44:49.939306+00,,success,
224,2026-04-25 18:46:16.479314+00,2026-04-25 18:46:16.479314+00,,success,
225,2026-04-25 19:13:42.365437+00,2026-04-25 19:13:42.365437+00,,success,
226,2026-04-25 19:44:49.817967+00,2026-04-25 19:44:49.817967+00,,success,
227,2026-04-25 20:44:49.7925+00,2026-04-25 20:44:49.7925+00,,success,
228,2026-04-25 21:44:49.70617+00,2026-04-25 21:44:49.70617+00,,success,
229,2026-04-25 22:44:49.678339+00,2026-04-25 22:44:49.678339+00,,success,
230,2026-04-25 23:44:49.67212+00,2026-04-25 23:44:49.67212+00,,success,
231,2026-04-26 00:44:50.087122+00,2026-04-26 00:44:50.087122+00,,success,
232,2026-04-26 00:59:57.191811+00,2026-04-26 00:59:57.191811+00,,success,
233,2026-04-26 01:07:45.088466+00,2026-04-26 01:07:45.088466+00,,success,
234,2026-04-26 01:15:06.765746+00,2026-04-26 01:15:06.765746+00,,success,
235,2026-04-26 01:44:49.717678+00,2026-04-26 01:44:49.717678+00,,success,
236,2026-04-26 02:14:06.578063+00,2026-04-26 02:14:06.578063+00,,success,
237,2026-04-26 02:44:49.604926+00,2026-04-26 02:44:49.604926+00,,success,
238,2026-04-26 03:14:06.677972+00,2026-04-26 03:14:06.677972+00,,success,
239,2026-04-26 03:44:49.595532+00,2026-04-26 03:44:49.595532+00,,success,
240,2026-04-26 04:14:06.621478+00,2026-04-26 04:14:06.621478+00,,success,
241,2026-04-26 04:44:49.682111+00,2026-04-26 04:44:49.682111+00,,success,
242,2026-04-26 05:14:07.017861+00,2026-04-26 05:14:07.017861+00,,success,
243,2026-04-26 05:44:50.019677+00,2026-04-26 05:44:50.019677+00,,success,
244,2026-04-26 06:14:06.980237+00,2026-04-26 06:14:06.980237+00,,success,
245,2026-04-26 06:44:49.728556+00,2026-04-26 06:44:49.728556+00,,success,
246,2026-04-26 07:14:06.98896+00,2026-04-26 07:14:06.98896+00,,success,
247,2026-04-26 07:44:49.976233+00,2026-04-26 07:44:49.976233+00,,success,
248,2026-04-26 08:14:07.154688+00,2026-04-26 08:14:07.154688+00,,success,
249,2026-04-26 08:44:49.964118+00,2026-04-26 08:44:49.964118+00,,success,
250,2026-04-26 09:14:07.272626+00,2026-04-26 09:14:07.272626+00,,success,
251,2026-04-26 09:44:49.789048+00,2026-04-26 09:44:49.789048+00,,success,
252,2026-04-26 10:44:49.751443+00,2026-04-26 10:44:49.751443+00,,success,
253,2026-04-26 10:54:51.960568+00,2026-04-26 10:54:51.960568+00,,success,
254,2026-04-26 11:44:49.62609+00,2026-04-26 11:44:49.62609+00,,success,
255,2026-04-26 12:43:49.096547+00,2026-04-26 12:43:49.096547+00,,success,
256,2026-04-26 12:44:49.847014+00,2026-04-26 12:44:49.847014+00,,success,
257,2026-04-26 13:43:49.11102+00,2026-04-26 13:43:49.11102+00,,success,
258,2026-04-26 13:44:49.909599+00,2026-04-26 13:44:49.909599+00,,success,
259,2026-04-26 14:43:49.425439+00,2026-04-26 14:43:49.425439+00,,success,
260,2026-04-26 14:44:49.622514+00,2026-04-26 14:44:49.622514+00,,success,
261,2026-04-26 15:43:49.0779+00,2026-04-26 15:43:49.0779+00,,success,
262,2026-04-26 15:44:49.941328+00,2026-04-26 15:44:49.941328+00,,success,
263,2026-04-26 16:26:38.675896+00,2026-04-26 16:26:38.675896+00,,success,
264,2026-04-26 16:43:49.625212+00,2026-04-26 16:43:49.625212+00,,success,
265,2026-04-26 17:25:38.777895+00,2026-04-26 17:25:38.777895+00,,success,
266,2026-04-26 17:43:49.362064+00,2026-04-26 17:43:49.362064+00,,success,
267,2026-04-26 18:25:38.701026+00,2026-04-26 18:25:38.701026+00,,success,
268,2026-04-26 18:43:49.928534+00,2026-04-26 18:43:49.928534+00,,success,
269,2026-04-26 18:49:18.737652+00,2026-04-26 18:49:18.737652+00,,success,
270,2026-04-26 19:02:56.378163+00,2026-04-26 19:02:56.378163+00,,success,
271,2026-04-26 19:23:01.09043+00,2026-04-26 19:23:01.09043+00,,success,
272,2026-04-26 19:25:38.695038+00,2026-04-26 19:25:38.695038+00,,success,
273,2026-04-26 19:26:19.678117+00,2026-04-26 19:26:19.678117+00,,success,
274,2026-04-26 19:43:18.095329+00,2026-04-26 19:43:18.095329+00,,success,
275,2026-04-26 19:54:16.202231+00,2026-04-26 19:54:16.202231+00,,success,
276,2026-04-26 20:02:22.370831+00,2026-04-26 20:02:22.370831+00,,success,
277,2026-04-26 20:20:44.607187+00,2026-04-26 20:20:44.607187+00,,success,
278,2026-04-26 20:25:38.692885+00,2026-04-26 20:25:38.692885+00,,success,
279,2026-04-26 20:33:19.247317+00,2026-04-26 20:33:19.247317+00,,success,
280,2026-04-26 20:55:04.218541+00,2026-04-26 20:55:04.218541+00,,success,
281,2026-04-26 21:32:19.365143+00,2026-04-26 21:32:19.365143+00,,success,
282,2026-04-26 22:28:48.450156+00,2026-04-26 22:28:48.450156+00,,success,
283,2026-04-26 22:32:19.159214+00,2026-04-26 22:32:19.159214+00,,success,
284,2026-04-26 23:17:26.291279+00,2026-04-26 23:17:26.291279+00,,success,
285,2026-04-26 23:32:19.262253+00,2026-04-26 23:32:19.262253+00,,success,
286,2026-04-27 00:09:50.031633+00,2026-04-27 00:09:50.031633+00,,success,
287,2026-04-27 00:16:28.8623+00,2026-04-27 00:16:28.8623+00,,success,
288,2026-04-27 00:24:44.656537+00,2026-04-27 00:24:44.656537+00,,success,
289,2026-04-27 00:32:19.602957+00,2026-04-27 00:32:19.602957+00,,success,
290,2026-04-27 00:33:37.998265+00,2026-04-27 00:33:37.998265+00,,success,
291,2026-04-27 00:47:57.373949+00,2026-04-27 00:47:57.373949+00,,success,
292,2026-04-27 01:32:19.254722+00,2026-04-27 01:32:19.254722+00,,success,
293,2026-04-27 01:46:57.118495+00,2026-04-27 01:46:57.118495+00,,success,
294,2026-04-27 02:32:19.526944+00,2026-04-27 02:32:19.526944+00,,success,
295,2026-04-27 02:46:57.169404+00,2026-04-27 02:46:57.169404+00,,success,
296,2026-04-27 03:32:19.674277+00,2026-04-27 03:32:19.674277+00,,success,
297,2026-04-27 03:46:57.240991+00,2026-04-27 03:46:57.240991+00,,success,
298,2026-04-27 03:52:06.435621+00,2026-04-27 03:52:06.435621+00,,success,
299,2026-04-27 04:09:41.632517+00,2026-04-27 04:09:41.632517+00,,success,
300,2026-04-27 04:32:19.620442+00,2026-04-27 04:32:19.620442+00,,success,
301,2026-04-27 04:52:42.440266+00,2026-04-27 04:52:42.440266+00,,success,
302,2026-04-27 04:59:55.228298+00,2026-04-27 04:59:55.228298+00,,success,
303,2026-04-27 05:04:22.28754+00,2026-04-27 05:04:22.28754+00,,success,
304,2026-04-27 05:07:31.641305+00,2026-04-27 05:07:31.641305+00,,success,
305,2026-04-27 05:13:14.593465+00,2026-04-27 05:13:14.593465+00,,success,
306,2026-04-27 05:16:53.555439+00,2026-04-27 05:16:53.555439+00,,success,
307,2026-04-27 05:21:03.884468+00,2026-04-27 05:21:03.884468+00,,success,
308,2026-04-27 05:24:09.938729+00,2026-04-27 05:24:09.938729+00,,success,
309,2026-04-27 05:28:29.621014+00,2026-04-27 05:28:29.621014+00,,success,
310,2026-04-27 05:32:19.272961+00,2026-04-27 05:32:19.272961+00,,success,
311,2026-04-27 05:36:58.241556+00,2026-04-27 05:36:58.241556+00,,success,
312,2026-04-27 05:41:34.253185+00,2026-04-27 05:41:34.253185+00,,success,
313,2026-04-27 05:47:08.522836+00,2026-04-27 05:47:08.522836+00,,success,
314,2026-04-27 06:00:57.443582+00,2026-04-27 06:00:57.443582+00,,success,
315,2026-04-27 06:04:57.67916+00,2026-04-27 06:04:57.67916+00,,success,
316,2026-04-27 06:15:51.876201+00,2026-04-27 06:15:51.876201+00,,success,
317,2026-04-27 06:32:19.446386+00,2026-04-27 06:32:19.446386+00,,success,
318,2026-04-27 06:44:02.962792+00,2026-04-27 06:44:02.962792+00,,success,
319,2026-04-27 06:46:26.695679+00,2026-04-27 06:46:26.695679+00,,success,
320,2026-04-27 06:49:22.7875+00,2026-04-27 06:49:22.7875+00,,success,
321,2026-04-27 07:11:16.507772+00,2026-04-27 07:11:16.507772+00,,success,
322,2026-04-27 07:20:13.175732+00,2026-04-27 07:20:13.175732+00,,success,
323,2026-04-27 07:32:10.333073+00,2026-04-27 07:32:10.333073+00,,success,
324,2026-04-27 07:37:02.969502+00,2026-04-27 07:37:02.969502+00,,success,
325,2026-04-27 07:40:27.283229+00,2026-04-27 07:40:27.283229+00,,success,
326,2026-04-27 07:43:52.199473+00,2026-04-27 07:43:52.199473+00,,success,
327,2026-04-27 07:52:02.651465+00,2026-04-27 07:52:02.651465+00,,success,
328,2026-04-27 07:55:35.811947+00,2026-04-27 07:55:35.811947+00,,success,
329,2026-04-27 08:03:40.239193+00,2026-04-27 08:03:40.239193+00,,success,
330,2026-04-27 08:06:53.496109+00,2026-04-27 08:06:53.496109+00,,success,
331,2026-04-27 08:14:48.219938+00,2026-04-27 08:14:48.219938+00,,success,
332,2026-04-27 09:13:48.305441+00,2026-04-27 09:13:48.305441+00,,success,
333,2026-04-27 10:13:48.443371+00,2026-04-27 10:13:48.443371+00,,success,
334,2026-04-27 11:13:48.46185+00,2026-04-27 11:13:48.46185+00,,success,
335,2026-04-27 12:13:48.069843+00,2026-04-27 12:13:48.069843+00,,success,
336,2026-04-27 13:13:48.455877+00,2026-04-27 13:13:48.455877+00,,success,
337,2026-04-27 14:13:48.493938+00,2026-04-27 14:13:48.493938+00,,success,
338,2026-04-27 14:14:18.761729+00,2026-04-27 14:14:18.761729+00,,success,
339,2026-04-27 14:21:03.370157+00,2026-04-27 14:21:03.370157+00,,success,
340,2026-04-27 14:28:47.528461+00,2026-04-27 14:28:47.528461+00,,success,
341,2026-04-27 14:32:07.862608+00,2026-04-27 14:32:07.862608+00,,success,
342,2026-04-27 14:40:02.985885+00,2026-04-27 14:40:02.985885+00,,success,
343,2026-04-27 14:46:06.948371+00,2026-04-27 14:46:06.948371+00,,success,
344,2026-04-27 14:49:25.898293+00,2026-04-27 14:49:25.898293+00,,success,
345,2026-04-27 15:11:25.254366+00,2026-04-27 15:11:25.254366+00,,success,
346,2026-04-27 15:13:48.015106+00,2026-04-27 15:13:48.015106+00,,success,
347,2026-04-27 15:23:08.167896+00,2026-04-27 15:23:08.167896+00,,success,
348,2026-04-27 15:32:47.745101+00,2026-04-27 15:32:47.745101+00,,success,
349,2026-04-27 15:52:53.110808+00,2026-04-27 15:52:53.110808+00,,success,
350,2026-04-27 16:13:48.003021+00,2026-04-27 16:13:48.003021+00,,success,
351,2026-04-27 16:14:42.456712+00,2026-04-27 16:14:42.456712+00,,success,
352,2026-04-27 16:16:40.838864+00,2026-04-27 16:16:40.838864+00,,success,
353,2026-04-27 16:23:26.611719+00,2026-04-27 16:23:26.611719+00,,success,
354,2026-04-27 16:33:21.040509+00,2026-04-27 16:33:21.040509+00,,success,
355,2026-04-27 17:22:26.682646+00,2026-04-27 17:22:26.682646+00,,success,
356,2026-04-27 17:32:20.977779+00,2026-04-27 17:32:20.977779+00,,success,
357,2026-04-27 18:22:26.931383+00,2026-04-27 18:22:26.931383+00,,success,
358,2026-04-27 18:32:21.298693+00,2026-04-27 18:32:21.298693+00,,success,
359,2026-04-27 19:22:27.288811+00,2026-04-27 19:22:27.288811+00,,success,
360,2026-04-27 19:32:21.270691+00,2026-04-27 19:32:21.270691+00,,success,
361,2026-04-27 20:22:27.22895+00,2026-04-27 20:22:27.22895+00,,success,
362,2026-04-27 20:32:21.157795+00,2026-04-27 20:32:21.157795+00,,success,
363,2026-04-27 21:32:21.066893+00,2026-04-27 21:32:21.066893+00,,success,
364,2026-04-27 22:00:14.695442+00,2026-04-27 22:00:14.695442+00,,success,
365,2026-04-27 22:03:32.671149+00,2026-04-27 22:03:32.671149+00,,success,
366,2026-04-27 22:06:22.927663+00,2026-04-27 22:06:22.927663+00,,success,
367,2026-04-27 22:07:56.636045+00,2026-04-27 22:07:56.636045+00,,success,
368,2026-04-27 22:21:04.766663+00,2026-04-27 22:21:04.766663+00,,success,
369,2026-04-27 22:31:10.449493+00,2026-04-27 22:31:10.449493+00,,success,
370,2026-04-27 22:52:12.895742+00,2026-04-27 22:52:12.895742+00,,success,
371,2026-04-27 22:59:49.964498+00,2026-04-27 22:59:49.964498+00,,success,
372,2026-04-27 23:05:23.716897+00,2026-04-27 23:05:23.716897+00,,success,
373,2026-04-27 23:20:05.021447+00,2026-04-27 23:20:05.021447+00,,success,
374,2026-04-28 00:04:23.994386+00,2026-04-28 00:04:23.994386+00,,success,
375,2026-04-28 00:20:05.01858+00,2026-04-28 00:20:05.01858+00,,success,
376,2026-04-28 01:04:23.891094+00,2026-04-28 01:04:23.891094+00,,success,
377,2026-04-28 01:20:04.76988+00,2026-04-28 01:20:04.76988+00,,success,
378,2026-04-28 02:04:24.01743+00,2026-04-28 02:04:24.01743+00,,success,
379,2026-04-28 02:20:04.974099+00,2026-04-28 02:20:04.974099+00,,success,
380,2026-04-28 03:04:23.963571+00,2026-04-28 03:04:23.963571+00,,success,
381,2026-04-28 03:20:04.770148+00,2026-04-28 03:20:04.770148+00,,success,
382,2026-04-28 03:23:39.536449+00,2026-04-28 03:23:39.536449+00,,success,
383,2026-04-28 03:35:10.387514+00,2026-04-28 03:35:10.387514+00,,success,
384,2026-04-28 03:39:29.555387+00,2026-04-28 03:39:29.555387+00,,success,
385,2026-04-28 03:52:16.262231+00,2026-04-28 03:52:16.262231+00,,success,
386,2026-04-28 03:57:27.804923+00,2026-04-28 03:57:27.804923+00,,success,
387,2026-04-28 04:02:48.12876+00,2026-04-28 04:02:48.12876+00,,success,
388,2026-04-28 04:05:00.986117+00,2026-04-28 04:05:00.986117+00,,success,
389,2026-04-28 04:08:26.441306+00,2026-04-28 04:08:26.441306+00,,success,
390,2026-04-28 04:11:09.742742+00,2026-04-28 04:11:09.742742+00,,success,
391,2026-04-28 04:19:30.300204+00,2026-04-28 04:19:30.300204+00,,success,
392,2026-04-28 04:20:05.914785+00,2026-04-28 04:20:05.914785+00,,success,
393,2026-04-28 04:36:16.277692+00,2026-04-28 04:36:16.277692+00,,success,
394,2026-04-28 04:40:36.056849+00,2026-04-28 04:40:36.056849+00,,success,
395,2026-04-28 04:48:06.530867+00,2026-04-28 04:48:06.530867+00,,success,
396,2026-04-28 04:59:39.616016+00,2026-04-28 04:59:39.616016+00,,success,
397,2026-04-28 05:05:34.018653+00,2026-04-28 05:05:34.018653+00,,success,
398,2026-04-28 05:09:27.612734+00,2026-04-28 05:09:27.612734+00,,success,
399,2026-04-28 05:12:26.706046+00,2026-04-28 05:12:26.706046+00,,success,
400,2026-04-28 05:15:15.831541+00,2026-04-28 05:15:15.831541+00,,success,
401,2026-04-28 05:18:13.028074+00,2026-04-28 05:18:13.028074+00,,success,
402,2026-04-28 05:20:07.186895+00,2026-04-28 05:20:07.186895+00,,success,
403,2026-04-28 05:21:53.079136+00,2026-04-28 05:21:53.079136+00,,success,
404,2026-04-28 05:25:52.502089+00,2026-04-28 05:25:52.502089+00,,success,
405,2026-04-28 05:39:27.851499+00,2026-04-28 05:39:27.851499+00,,success,
406,2026-04-28 05:47:26.90875+00,2026-04-28 05:47:26.90875+00,,success,
407,2026-04-28 06:10:20.6546+00,2026-04-28 06:10:20.6546+00,,success,
408,2026-04-28 06:20:06.492642+00,2026-04-28 06:20:06.492642+00,,success,
409,2026-04-28 06:23:18.518303+00,2026-04-28 06:23:18.518303+00,,success,
410,2026-04-28 06:29:57.864049+00,2026-04-28 06:29:57.864049+00,,success,
411,2026-04-28 06:40:16.072827+00,2026-04-28 06:40:16.072827+00,,success,
412,2026-04-28 07:02:52.465636+00,2026-04-28 07:02:52.465636+00,,success,
413,2026-04-28 07:20:04.797601+00,2026-04-28 07:20:04.797601+00,,success,
414,2026-04-28 08:20:04.870935+00,2026-04-28 08:20:04.870935+00,,success,
415,2026-04-28 09:20:07.129488+00,2026-04-28 09:20:07.129488+00,,success,
416,2026-04-28 10:14:36.909684+00,2026-04-28 10:14:36.909684+00,,success,
417,2026-04-28 10:20:06.874075+00,2026-04-28 10:20:06.874075+00,,success,
418,2026-04-28 10:40:45.478241+00,2026-04-28 10:40:45.478241+00,,success,
419,2026-04-28 11:25:19.791931+00,2026-04-28 11:25:19.791931+00,,success,
420,2026-04-28 11:39:45.726924+00,2026-04-28 11:39:45.726924+00,,success,
421,2026-04-28 11:45:54.025706+00,2026-04-28 11:45:54.025706+00,,success,
422,2026-04-28 12:12:40.152276+00,2026-04-28 12:12:40.152276+00,,success,
423,2026-04-28 12:15:09.115747+00,2026-04-28 12:15:09.115747+00,,success,
424,2026-04-28 12:19:31.994846+00,2026-04-28 12:19:31.994846+00,,success,
425,2026-04-28 12:39:45.650514+00,2026-04-28 12:39:45.650514+00,,success,
426,2026-04-28 13:07:56.331614+00,2026-04-28 13:07:56.331614+00,,success,
427,2026-04-28 13:13:24.731181+00,2026-04-28 13:13:24.731181+00,,success,
428,2026-04-28 13:25:12.41899+00,2026-04-28 13:25:12.41899+00,,success,
429,2026-04-28 13:32:53.797996+00,2026-04-28 13:32:53.797996+00,,success,
430,2026-04-28 13:39:45.55327+00,2026-04-28 13:39:45.55327+00,,success,
431,2026-04-28 13:41:47.600136+00,2026-04-28 13:41:47.600136+00,,success,
432,2026-04-28 14:06:04.082864+00,2026-04-28 14:06:04.082864+00,,success,
433,2026-04-28 14:39:45.589428+00,2026-04-28 14:39:45.589428+00,,success,
434,2026-04-28 14:59:06.98064+00,2026-04-28 14:59:06.98064+00,,success,
435,2026-04-28 15:39:45.542299+00,2026-04-28 15:39:45.542299+00,,success,
436,2026-04-28 15:58:07.005772+00,2026-04-28 15:58:07.005772+00,,success,
437,2026-04-28 16:39:45.910151+00,2026-04-28 16:39:45.910151+00,,success,
438,2026-04-28 16:58:07.982675+00,2026-04-28 16:58:07.982675+00,,success,
439,2026-04-28 17:00:58.931065+00,2026-04-28 17:00:58.931065+00,,success,
440,2026-04-28 17:36:53.216772+00,2026-04-28 17:36:53.216772+00,,success,
441,2026-04-28 17:39:45.426465+00,2026-04-28 17:39:45.426465+00,,success,
442,2026-04-28 18:09:26.172528+00,2026-04-28 18:09:26.172528+00,,success,
443,2026-04-28 18:39:45.55965+00,2026-04-28 18:39:45.55965+00,,success,
444,2026-04-28 19:08:24.786263+00,2026-04-28 19:08:24.786263+00,,success,
445,2026-04-28 19:39:45.640038+00,2026-04-28 19:39:45.640038+00,,success,
446,2026-04-28 20:08:25.752377+00,2026-04-28 20:08:25.752377+00,,success,
447,2026-04-28 20:39:45.679632+00,2026-04-28 20:39:45.679632+00,,success,
448,2026-04-28 21:08:25.546642+00,2026-04-28 21:08:25.546642+00,,success,
449,2026-04-28 21:21:06.993321+00,2026-04-28 21:21:06.993321+00,,success,
450,2026-04-28 21:39:45.658675+00,2026-04-28 21:39:45.658675+00,,success,
451,2026-04-28 22:20:05.856272+00,2026-04-28 22:20:05.856272+00,,success,
452,2026-04-28 22:39:45.849379+00,2026-04-28 22:39:45.849379+00,,success,
453,2026-04-28 23:20:05.827696+00,2026-04-28 23:20:05.827696+00,,success,
454,2026-04-28 23:39:45.661127+00,2026-04-28 23:39:45.661127+00,,success,
455,2026-04-29 00:20:06.89424+00,2026-04-29 00:20:06.89424+00,,success,
456,2026-04-29 00:39:45.691868+00,2026-04-29 00:39:45.691868+00,,success,
457,2026-04-29 01:22:58.671762+00,2026-04-29 01:22:58.671762+00,,success,
458,2026-04-29 02:21:58.313305+00,2026-04-29 02:21:58.313305+00,,success,
459,2026-04-29 03:21:58.377991+00,2026-04-29 03:21:58.377991+00,,success,
460,2026-04-29 04:21:58.349273+00,2026-04-29 04:21:58.349273+00,,success,
461,2026-04-29 05:21:58.460236+00,2026-04-29 05:21:58.460236+00,,success,
462,2026-04-29 06:21:58.56117+00,2026-04-29 06:21:58.56117+00,,success,
463,2026-04-29 07:21:58.918732+00,2026-04-29 07:21:58.918732+00,,success,
464,2026-04-29 08:21:58.445126+00,2026-04-29 08:21:58.445126+00,,success,
465,2026-04-29 09:21:58.31746+00,2026-04-29 09:21:58.31746+00,,success,
466,2026-04-29 09:23:19.419501+00,2026-04-29 09:23:19.419501+00,,success,
467,2026-04-29 10:16:41.680501+00,2026-04-29 10:16:41.680501+00,,success,
468,2026-04-29 10:21:39.520943+00,2026-04-29 10:21:39.520943+00,,success,
469,2026-04-29 11:20:39.540894+00,2026-04-29 11:20:39.540894+00,,success,
470,2026-04-29 11:24:08.555837+00,2026-04-29 11:24:08.555837+00,,success,
471,2026-04-29 12:05:41.412839+00,2026-04-29 12:05:41.412839+00,,success,
472,2026-04-29 12:24:45.844949+00,2026-04-29 12:24:45.844949+00,,success,
473,2026-04-29 13:04:41.62158+00,2026-04-29 13:04:41.62158+00,,success,
474,2026-04-29 13:23:46.639686+00,2026-04-29 13:23:46.639686+00,,success,
475,2026-04-29 14:04:41.619027+00,2026-04-29 14:04:41.619027+00,,success,
476,2026-04-29 14:23:46.131343+00,2026-04-29 14:23:46.131343+00,,success,
477,2026-04-29 15:04:41.519091+00,2026-04-29 15:04:41.519091+00,,success,
478,2026-04-29 15:23:46.524534+00,2026-04-29 15:23:46.524534+00,,success,
479,2026-04-29 16:04:41.567818+00,2026-04-29 16:04:41.567818+00,,success,
480,2026-04-29 16:29:29.781747+00,2026-04-29 16:29:29.781747+00,,success,
481,2026-04-29 17:04:41.526036+00,2026-04-29 17:04:41.526036+00,,success,
482,2026-04-29 17:28:30.783295+00,2026-04-29 17:28:30.783295+00,,success,
483,2026-04-29 18:04:41.890211+00,2026-04-29 18:04:41.890211+00,,success,
484,2026-04-29 18:28:30.283835+00,2026-04-29 18:28:30.283835+00,,success,
485,2026-04-29 19:04:41.278663+00,2026-04-29 19:04:41.278663+00,,success,
486,2026-04-29 19:28:30.21579+00,2026-04-29 19:28:30.21579+00,,success,
487,2026-04-29 20:04:41.489688+00,2026-04-29 20:04:41.489688+00,,success,
488,2026-04-29 21:04:41.772387+00,2026-04-29 21:04:41.772387+00,,success,
489,2026-04-29 22:04:41.381192+00,2026-04-29 22:04:41.381192+00,,success,
490,2026-04-29 23:04:41.418822+00,2026-04-29 23:04:41.418822+00,,success,
491,2026-04-30 00:04:41.855944+00,2026-04-30 00:04:41.855944+00,,success,
492,2026-04-30 01:04:41.802537+00,2026-04-30 01:04:41.802537+00,,success,
493,2026-04-30 02:04:41.808716+00,2026-04-30 02:04:41.808716+00,,success,
494,2026-04-30 03:04:41.900896+00,2026-04-30 03:04:41.900896+00,,success,
495,2026-04-30 04:04:42.084563+00,2026-04-30 04:04:42.084563+00,,success,
496,2026-04-30 05:04:41.438386+00,2026-04-30 05:04:41.438386+00,,success,
497,2026-04-30 06:04:41.790053+00,2026-04-30 06:04:41.790053+00,,success,
498,2026-04-30 07:04:41.56336+00,2026-04-30 07:04:41.56336+00,,success,
499,2026-04-30 08:04:41.66458+00,2026-04-30 08:04:41.66458+00,,success,
500,2026-04-30 09:04:41.731837+00,2026-04-30 09:04:41.731837+00,,success,
501,2026-04-30 10:04:42.137443+00,2026-04-30 10:04:42.137443+00,,success,
502,2026-04-30 11:04:42.499289+00,2026-04-30 11:04:42.499289+00,,success,
503,2026-04-30 12:04:41.852659+00,2026-04-30 12:04:41.852659+00,,success,
504,2026-04-30 13:04:41.486523+00,2026-04-30 13:04:41.486523+00,,success,
505,2026-04-30 14:04:41.447231+00,2026-04-30 14:04:41.447231+00,,success,
506,2026-04-30 15:04:41.448948+00,2026-04-30 15:04:41.448948+00,,success,
507,2026-04-30 16:04:41.542754+00,2026-04-30 16:04:41.542754+00,,success,
508,2026-04-30 17:04:42.22528+00,2026-04-30 17:04:42.22528+00,,success,
509,2026-04-30 18:04:41.852229+00,2026-04-30 18:04:41.852229+00,,success,
510,2026-04-30 19:04:41.487326+00,2026-04-30 19:04:41.487326+00,,success,
511,2026-04-30 20:04:41.442983+00,2026-04-30 20:04:41.442983+00,,success,
512,2026-04-30 21:04:41.724688+00,2026-04-30 21:04:41.724688+00,,success,
513,2026-04-30 22:04:41.647376+00,2026-04-30 22:04:41.647376+00,,success,
514,2026-04-30 23:04:41.454308+00,2026-04-30 23:04:41.454308+00,,success,
515,2026-05-01 00:04:41.977572+00,2026-05-01 00:04:41.977572+00,,success,
516,2026-05-01 00:24:28.717294+00,2026-05-01 00:24:28.717294+00,,success,
517,2026-05-01 01:02:40.619173+00,2026-05-01 01:02:40.619173+00,,success,
518,2026-05-01 01:04:41.431449+00,2026-05-01 01:04:41.431449+00,,success,
519,2026-05-01 01:30:55.849246+00,2026-05-01 01:30:55.849246+00,,success,
520,2026-05-01 01:46:21.115748+00,2026-05-01 01:46:21.115748+00,,success,
521,2026-05-01 01:57:18.122572+00,2026-05-01 01:57:18.122572+00,,success,
522,2026-05-01 02:04:41.378847+00,2026-05-01 02:04:41.378847+00,,success,
523,2026-05-01 02:07:15.119603+00,2026-05-01 02:07:15.119603+00,,success,
524,2026-05-01 02:20:16.349389+00,2026-05-01 02:20:16.349389+00,,success,
525,2026-05-01 03:04:41.628453+00,2026-05-01 03:04:41.628453+00,,success,
526,2026-05-01 03:19:16.853305+00,2026-05-01 03:19:16.853305+00,,success,
527,2026-05-01 03:37:15.7743+00,2026-05-01 03:37:15.7743+00,,success,
528,2026-05-01 04:04:41.655324+00,2026-05-01 04:04:41.655324+00,,success,
529,2026-05-01 04:36:15.157262+00,2026-05-01 04:36:15.157262+00,,success,
530,2026-05-01 05:04:41.70949+00,2026-05-01 05:04:41.70949+00,,success,
531,2026-05-01 05:36:15.408445+00,2026-05-01 05:36:15.408445+00,,success,
532,2026-05-01 06:04:41.876028+00,2026-05-01 06:04:41.876028+00,,success,
533,2026-05-01 06:36:15.312717+00,2026-05-01 06:36:15.312717+00,,success,
534,2026-05-01 07:04:42.574069+00,2026-05-01 07:04:42.574069+00,,success,
535,2026-05-01 07:36:15.487547+00,2026-05-01 07:36:15.487547+00,,success,
536,2026-05-01 08:04:41.720806+00,2026-05-01 08:04:41.720806+00,,success,
537,2026-05-01 08:36:15.469585+00,2026-05-01 08:36:15.469585+00,,success,
538,2026-05-01 09:04:41.727142+00,2026-05-01 09:04:41.727142+00,,success,
539,2026-05-01 09:42:02.71993+00,2026-05-01 09:42:02.71993+00,,success,
540,2026-05-01 10:04:41.412229+00,2026-05-01 10:04:41.412229+00,,success,
541,2026-05-01 10:30:38.30368+00,2026-05-01 10:30:38.30368+00,,success,
542,2026-05-01 10:47:25.243119+00,2026-05-01 10:47:25.243119+00,,success,
543,2026-05-01 10:54:51.575594+00,2026-05-01 10:54:51.575594+00,,success,
544,2026-05-01 11:04:41.653986+00,2026-05-01 11:04:41.653986+00,,success,
545,2026-05-01 11:09:02.24151+00,2026-05-01 11:09:02.24151+00,,success,
546,2026-05-01 11:17:25.189576+00,2026-05-01 11:17:25.189576+00,,success,
547,2026-05-01 11:29:56.772488+00,2026-05-01 11:29:56.772488+00,,success,
548,2026-05-01 11:59:58.631772+00,2026-05-01 11:59:58.631772+00,,success,
549,2026-05-01 12:04:41.556282+00,2026-05-01 12:04:41.556282+00,,success,
550,2026-05-01 12:20:03.626742+00,2026-05-01 12:20:03.626742+00,,success,
551,2026-05-01 12:45:23.431121+00,2026-05-01 12:45:23.431121+00,,success,
553,2026-05-01 12:57:32.58156+00,2026-05-01 12:57:32.58156+00,,success,
554,2026-05-01 13:04:41.77984+00,2026-05-01 13:04:41.77984+00,,success,
555,2026-05-01 14:03:53.798925+00,2026-05-01 14:03:53.798925+00,,success,
556,2026-05-01 14:04:41.745129+00,2026-05-01 14:04:41.745129+00,,success,
557,2026-05-01 15:04:41.701651+00,2026-05-01 15:04:41.701651+00,,success,
558,2026-05-01 15:08:27.501556+00,2026-05-01 15:08:27.501556+00,,success,
559,2026-05-01 15:24:11.040644+00,2026-05-01 15:24:11.040644+00,,success,
560,2026-05-01 16:04:41.356199+00,2026-05-01 16:04:41.356199+00,,success,
561,2026-05-01 16:23:09.961016+00,2026-05-01 16:23:09.961016+00,,success,
562,2026-05-01 16:38:08.843056+00,2026-05-01 16:38:08.843056+00,,success,
563,2026-05-01 17:04:41.932432+00,2026-05-01 17:04:41.932432+00,,success,
564,2026-05-01 18:04:41.632018+00,2026-05-01 18:04:41.632018+00,,success,
565,2026-05-01 18:24:18.904692+00,2026-05-01 18:24:18.904692+00,,success,
566,2026-05-01 18:26:31.349586+00,2026-05-01 18:26:31.349586+00,,success,
567,2026-05-01 19:04:41.625101+00,2026-05-01 19:04:41.625101+00,,success,
568,2026-05-01 20:04:41.320616+00,2026-05-01 20:04:41.320616+00,,success,
569,2026-05-01 21:04:41.332643+00,2026-05-01 21:04:41.332643+00,,success,
570,2026-05-01 22:05:14.775727+00,2026-05-01 22:05:14.775727+00,,success,
571,2026-05-01 22:45:44.324391+00,2026-05-01 22:45:44.324391+00,,success,
572,2026-05-01 23:04:15.099526+00,2026-05-01 23:04:15.099526+00,,success,
573,2026-05-01 23:11:36.967846+00,2026-05-01 23:11:36.967846+00,,success,
574,2026-05-01 23:21:47.859378+00,2026-05-01 23:21:47.859378+00,,success,
575,2026-05-01 23:42:51.427469+00,2026-05-01 23:42:51.427469+00,,success,
576,2026-05-01 23:56:57.78348+00,2026-05-01 23:56:57.78348+00,,success,
577,2026-05-02 00:04:03.026295+00,2026-05-02 00:04:03.026295+00,,success,
578,2026-05-02 01:03:03.203863+00,2026-05-02 01:03:03.203863+00,,success,
579,2026-05-02 01:04:14.82963+00,2026-05-02 01:04:14.82963+00,,success,
580,2026-05-02 02:03:03.140003+00,2026-05-02 02:03:03.140003+00,,success,
581,2026-05-02 02:04:14.748671+00,2026-05-02 02:04:14.748671+00,,success,
582,2026-05-02 03:03:03.232649+00,2026-05-02 03:03:03.232649+00,,success,
583,2026-05-02 03:04:14.639063+00,2026-05-02 03:04:14.639063+00,,success,
584,2026-05-02 03:49:01.420434+00,2026-05-02 03:49:01.420434+00,,success,
585,2026-05-02 03:57:37.36101+00,2026-05-02 03:57:37.36101+00,,success,
586,2026-05-02 04:04:14.643527+00,2026-05-02 04:04:14.643527+00,,success,
587,2026-05-02 04:24:46.662055+00,2026-05-02 04:24:46.662055+00,,success,
588,2026-05-02 04:52:49.820096+00,2026-05-02 04:52:49.820096+00,,success,
589,2026-05-02 04:57:41.519535+00,2026-05-02 04:57:41.519535+00,,success,
590,2026-05-02 05:04:15.021607+00,2026-05-02 05:04:15.021607+00,,success,
591,2026-05-02 05:13:45.284381+00,2026-05-02 05:13:45.284381+00,,success,
592,2026-05-02 05:15:43.286241+00,2026-05-02 05:15:43.286241+00,,success,
593,2026-05-02 05:27:07.898892+00,2026-05-02 05:27:07.898892+00,,success,
594,2026-05-02 05:41:52.982548+00,2026-05-02 05:41:52.982548+00,,success,
595,2026-05-02 05:52:29.101481+00,2026-05-02 05:52:29.101481+00,,success,
596,2026-05-02 05:57:53.179963+00,2026-05-02 05:57:53.179963+00,,success,
597,2026-05-02 06:04:14.974044+00,2026-05-02 06:04:14.974044+00,,success,
598,2026-05-02 06:09:18.338056+00,2026-05-02 06:09:18.338056+00,,success,
599,2026-05-02 06:27:43.258405+00,2026-05-02 06:27:43.258405+00,,success,
600,2026-05-02 07:04:15.012925+00,2026-05-02 07:04:15.012925+00,,success,
601,2026-05-02 07:31:00.374879+00,2026-05-02 07:31:00.374879+00,,success,
602,2026-05-02 07:50:07.702449+00,2026-05-02 07:50:07.702449+00,,success,
603,2026-05-02 07:54:59.054353+00,2026-05-02 07:54:59.054353+00,,success,
604,2026-05-02 07:57:29.080457+00,2026-05-02 07:57:29.080457+00,,success,
605,2026-05-02 08:04:14.900479+00,2026-05-02 08:04:14.900479+00,,success,
606,2026-05-02 08:04:45.512334+00,2026-05-02 08:04:45.512334+00,,success,
607,2026-05-02 08:18:48.044388+00,2026-05-02 08:18:48.044388+00,,success,
608,2026-05-02 08:33:30.044254+00,2026-05-02 08:33:30.044254+00,,success,
609,2026-05-02 09:00:00.956913+00,2026-05-02 09:00:00.956913+00,,success,
610,2026-05-02 09:04:14.668579+00,2026-05-02 09:04:14.668579+00,,success,
611,2026-05-02 09:11:03.952281+00,2026-05-02 09:11:03.952281+00,,success,
612,2026-05-02 09:15:22.978676+00,2026-05-02 09:15:22.978676+00,,success,
613,2026-05-02 09:21:03.415674+00,2026-05-02 09:21:03.415674+00,,success,
614,2026-05-02 09:25:27.525498+00,2026-05-02 09:25:27.525498+00,,success,
615,2026-05-02 09:33:57.322495+00,2026-05-02 09:33:57.322495+00,,success,
616,2026-05-02 09:43:26.82571+00,2026-05-02 09:43:26.82571+00,,success,
617,2026-05-02 09:50:37.77762+00,2026-05-02 09:50:37.77762+00,,success,
618,2026-05-02 10:04:15.188825+00,2026-05-02 10:04:15.188825+00,,success,
619,2026-05-02 10:15:12.174542+00,2026-05-02 10:15:12.174542+00,,success,
620,2026-05-02 10:23:41.030794+00,2026-05-02 10:23:41.030794+00,,success,
621,2026-05-02 10:29:18.723456+00,2026-05-02 10:29:18.723456+00,,success,
622,2026-05-02 10:43:15.859568+00,2026-05-02 10:43:15.859568+00,,success,
623,2026-05-02 10:47:19.728671+00,2026-05-02 10:47:19.728671+00,,success,
624,2026-05-02 10:51:49.101726+00,2026-05-02 10:51:49.101726+00,,success,
625,2026-05-02 10:57:02.83657+00,2026-05-02 10:57:02.83657+00,,success,
626,2026-05-02 11:04:08.377556+00,2026-05-02 11:04:08.377556+00,,success,
627,2026-05-02 11:11:53.445166+00,2026-05-02 11:11:53.445166+00,,success,
628,2026-05-02 11:15:37.402685+00,2026-05-02 11:15:37.402685+00,,success,
629,2026-05-02 11:19:32.590256+00,2026-05-02 11:19:32.590256+00,,success,
630,2026-05-02 11:29:24.545221+00,2026-05-02 11:29:24.545221+00,,success,
631,2026-05-02 11:45:05.86538+00,2026-05-02 11:45:05.86538+00,,success,
632,2026-05-02 12:28:24.663843+00,2026-05-02 12:28:24.663843+00,,success,
633,2026-05-02 12:44:06.0088+00,2026-05-02 12:44:06.0088+00,,success,
634,2026-05-02 13:28:24.720607+00,2026-05-02 13:28:24.720607+00,,success,
635,2026-05-02 13:44:06.065608+00,2026-05-02 13:44:06.065608+00,,success,
636,2026-05-02 14:28:24.582451+00,2026-05-02 14:28:24.582451+00,,success,
637,2026-05-02 14:44:05.803451+00,2026-05-02 14:44:05.803451+00,,success,
638,2026-05-02 15:26:04.656532+00,2026-05-02 15:26:04.656532+00,,success,
639,2026-05-02 15:44:06.2416+00,2026-05-02 15:44:06.2416+00,,success,
640,2026-05-02 16:04:33.107755+00,2026-05-02 16:04:33.107755+00,,success,
641,2026-05-02 16:44:05.804013+00,2026-05-02 16:44:05.804013+00,,success,
642,2026-05-02 17:03:33.027202+00,2026-05-02 17:03:33.027202+00,,success,
643,2026-05-02 17:21:31.457701+00,2026-05-02 17:21:31.457701+00,,success,
644,2026-05-02 17:26:52.958463+00,2026-05-02 17:26:52.958463+00,,success,
645,2026-05-02 17:44:06.097697+00,2026-05-02 17:44:06.097697+00,,success,
646,2026-05-02 18:11:42.269343+00,2026-05-02 18:11:42.269343+00,,success,
647,2026-05-02 18:19:03.813825+00,2026-05-02 18:19:03.813825+00,,success,
648,2026-05-02 18:31:16.219802+00,2026-05-02 18:31:16.219802+00,,success,
649,2026-05-02 18:39:40.616381+00,2026-05-02 18:39:40.616381+00,,success,
650,2026-05-02 18:44:06.096242+00,2026-05-02 18:44:06.096242+00,,success,
651,2026-05-02 18:49:09.949194+00,2026-05-02 18:49:09.949194+00,,success,
652,2026-05-02 18:59:10.046778+00,2026-05-02 18:59:10.046778+00,,success,
653,2026-05-02 19:05:42.341694+00,2026-05-02 19:05:42.341694+00,,success,
654,2026-05-02 19:17:39.258904+00,2026-05-02 19:17:39.258904+00,,success,
655,2026-05-02 19:30:58.13125+00,2026-05-02 19:30:58.13125+00,,success,
656,2026-05-02 19:36:32.619331+00,2026-05-02 19:36:32.619331+00,,success,
657,2026-05-02 19:44:05.951709+00,2026-05-02 19:44:05.951709+00,,success,
658,2026-05-02 19:52:39.881596+00,2026-05-02 19:52:39.881596+00,,success,
659,2026-05-02 20:23:30.73083+00,2026-05-02 20:23:30.73083+00,,success,
660,2026-05-02 20:35:40.817691+00,2026-05-02 20:35:40.817691+00,,success,
661,2026-05-02 20:44:05.91734+00,2026-05-02 20:44:05.91734+00,,success,
662,2026-05-02 20:49:48.063405+00,2026-05-02 20:49:48.063405+00,,success,
663,2026-05-02 20:59:11.224597+00,2026-05-02 20:59:11.224597+00,,success,
664,2026-05-02 21:04:44.038296+00,2026-05-02 21:04:44.038296+00,,success,
665,2026-05-02 21:30:13.719563+00,2026-05-02 21:30:13.719563+00,,success,
666,2026-05-02 21:37:26.370441+00,2026-05-02 21:37:26.370441+00,,success,
667,2026-05-02 21:39:18.37515+00,2026-05-02 21:39:18.37515+00,,success,
668,2026-05-02 21:44:06.147629+00,2026-05-02 21:44:06.147629+00,,success,
669,2026-05-02 21:51:22.966925+00,2026-05-02 21:51:22.966925+00,,success,
670,2026-05-02 21:59:42.126512+00,2026-05-02 21:59:42.126512+00,,success,
671,2026-05-02 22:06:06.296161+00,2026-05-02 22:06:06.296161+00,,success,
672,2026-05-02 22:10:45.824131+00,2026-05-02 22:10:45.824131+00,,success,
673,2026-05-02 22:13:33.301089+00,2026-05-02 22:13:33.301089+00,,success,
674,2026-05-02 22:18:12.440997+00,2026-05-02 22:18:12.440997+00,,success,
675,2026-05-02 22:22:22.537057+00,2026-05-02 22:22:22.537057+00,,success,
676,2026-05-02 22:44:06.06313+00,2026-05-02 22:44:06.06313+00,,success,
677,2026-05-02 23:07:44.226846+00,2026-05-02 23:07:44.226846+00,,success,
678,2026-05-02 23:44:06.029623+00,2026-05-02 23:44:06.029623+00,,success,
679,2026-05-03 00:31:59.63603+00,2026-05-03 00:31:59.63603+00,,success,
680,2026-05-03 00:37:09.417454+00,2026-05-03 00:37:09.417454+00,,success,
681,2026-05-03 00:44:05.863103+00,2026-05-03 00:44:05.863103+00,,success,
682,2026-05-03 01:11:47.554324+00,2026-05-03 01:11:47.554324+00,,success,
683,2026-05-03 01:21:53.269117+00,2026-05-03 01:21:53.269117+00,,success,
684,2026-05-03 01:44:05.827548+00,2026-05-03 01:44:05.827548+00,,success,
685,2026-05-03 01:45:17.09198+00,2026-05-03 01:45:17.09198+00,,success,
686,2026-05-03 02:10:40.897067+00,2026-05-03 02:10:40.897067+00,,success,
687,2026-05-03 02:18:53.105511+00,2026-05-03 02:18:53.105511+00,,success,
688,2026-05-03 02:44:06.059998+00,2026-05-03 02:44:06.059998+00,,success,
689,2026-05-03 02:46:56.772817+00,2026-05-03 02:46:56.772817+00,,success,
690,2026-05-03 02:49:35.087823+00,2026-05-03 02:49:35.087823+00,,success,
691,2026-05-03 03:44:06.266389+00,2026-05-03 03:44:06.266389+00,,success,
692,2026-05-03 03:48:35.685077+00,2026-05-03 03:48:35.685077+00,,success,
693,2026-05-03 04:44:06.313397+00,2026-05-03 04:44:06.313397+00,,success,
694,2026-05-03 04:48:35.348501+00,2026-05-03 04:48:35.348501+00,,success,
695,2026-05-03 04:53:17.35166+00,2026-05-03 04:53:17.35166+00,,success,
696,2026-05-03 05:44:06.532648+00,2026-05-03 05:44:06.532648+00,,success,
697,2026-05-03 06:44:06.318862+00,2026-05-03 06:44:06.318862+00,,success,
698,2026-05-03 07:44:06.246145+00,2026-05-03 07:44:06.246145+00,,success,
699,2026-05-03 08:44:06.248996+00,2026-05-03 08:44:06.248996+00,,success,
700,2026-05-03 09:44:06.305354+00,2026-05-03 09:44:06.305354+00,,success,
701,2026-05-03 09:46:11.043891+00,2026-05-03 09:46:11.043891+00,,success,
702,2026-05-03 10:26:29.908736+00,2026-05-03 10:26:29.908736+00,,success,
703,2026-05-03 10:44:06.172119+00,2026-05-03 10:44:06.172119+00,,success,
704,2026-05-03 11:12:14.909405+00,2026-05-03 11:12:14.909405+00,,success,
705,2026-05-03 11:44:06.533688+00,2026-05-03 11:44:06.533688+00,,success,
706,2026-05-03 11:47:11.022164+00,2026-05-03 11:47:11.022164+00,,success,
707,2026-05-03 11:59:13.914877+00,2026-05-03 11:59:13.914877+00,,success,
708,2026-05-03 12:06:47.400289+00,2026-05-03 12:06:47.400289+00,,success,
709,2026-05-03 12:44:06.294289+00,2026-05-03 12:44:06.294289+00,,success,
710,2026-05-03 12:58:45.357599+00,2026-05-03 12:58:45.357599+00,,success,
711,2026-05-03 13:44:06.136785+00,2026-05-03 13:44:06.136785+00,,success,
712,2026-05-03 13:45:54.282837+00,2026-05-03 13:45:54.282837+00,,success,
713,2026-05-03 14:44:06.443209+00,2026-05-03 14:44:06.443209+00,,success,
714,2026-05-03 14:44:54.546129+00,2026-05-03 14:44:54.546129+00,,success,
715,2026-05-03 15:44:06.053503+00,2026-05-03 15:44:06.053503+00,,success,
716,2026-05-03 15:44:55.908951+00,2026-05-03 15:44:55.908951+00,,success,
717,2026-05-03 16:06:30.093449+00,2026-05-03 16:06:30.093449+00,,success,
718,2026-05-03 16:12:17.415457+00,2026-05-03 16:12:17.415457+00,,success,
719,2026-05-03 16:44:06.162866+00,2026-05-03 16:44:06.162866+00,,success,
720,2026-05-03 17:11:15.297394+00,2026-05-03 17:11:15.297394+00,,success,
721,2026-05-03 17:44:06.605212+00,2026-05-03 17:44:06.605212+00,,success,
722,2026-05-03 18:11:14.776624+00,2026-05-03 18:11:14.776624+00,,success,
723,2026-05-03 18:44:06.298906+00,2026-05-03 18:44:06.298906+00,,success,
724,2026-05-03 19:11:15.365191+00,2026-05-03 19:11:15.365191+00,,success,
725,2026-05-03 19:33:19.298446+00,2026-05-03 19:33:19.298446+00,,success,
726,2026-05-03 19:39:06.918127+00,2026-05-03 19:39:06.918127+00,,success,
727,2026-05-03 19:44:06.195799+00,2026-05-03 19:44:06.195799+00,,success,
728,2026-05-03 19:45:43.572383+00,2026-05-03 19:45:43.572383+00,,success,
729,2026-05-03 19:51:02.170815+00,2026-05-03 19:51:02.170815+00,,success,
730,2026-05-03 20:44:06.356175+00,2026-05-03 20:44:06.356175+00,,success,
731,2026-05-03 20:50:04.669307+00,2026-05-03 20:50:04.669307+00,,success,
732,2026-05-03 21:00:22.29287+00,2026-05-03 21:00:22.29287+00,,success,
733,2026-05-03 21:44:05.846286+00,2026-05-03 21:44:05.846286+00,,success,
734,2026-05-03 21:59:22.210446+00,2026-05-03 21:59:22.210446+00,,success,
735,2026-05-03 22:44:05.884457+00,2026-05-03 22:44:05.884457+00,,success,
736,2026-05-03 22:53:51.90871+00,2026-05-03 22:53:51.90871+00,,success,
737,2026-05-03 23:03:56.390617+00,2026-05-03 23:03:56.390617+00,,success,
738,2026-05-03 23:44:06.181868+00,2026-05-03 23:44:06.181868+00,,success,
739,2026-05-04 00:02:56.576624+00,2026-05-04 00:02:56.576624+00,,success,
740,2026-05-04 00:16:30.094243+00,2026-05-04 00:16:30.094243+00,,success,
741,2026-05-04 00:23:47.194627+00,2026-05-04 00:23:47.194627+00,,success,
742,2026-05-04 00:44:05.850255+00,2026-05-04 00:44:05.850255+00,,success,
743,2026-05-04 01:22:47.081455+00,2026-05-04 01:22:47.081455+00,,success,
744,2026-05-04 01:44:05.870853+00,2026-05-04 01:44:05.870853+00,,success,
745,2026-05-04 02:22:47.376486+00,2026-05-04 02:22:47.376486+00,,success,
746,2026-05-04 02:44:05.841678+00,2026-05-04 02:44:05.841678+00,,success,
747,2026-05-04 02:53:05.097074+00,2026-05-04 02:53:05.097074+00,,success,
748,2026-05-04 03:46:58.831833+00,2026-05-04 03:46:58.831833+00,,success,
749,2026-05-04 03:52:05.324911+00,2026-05-04 03:52:05.324911+00,,success,
750,2026-05-04 04:52:05.444229+00,2026-05-04 04:52:05.444229+00,,success,
751,2026-05-04 05:52:05.37475+00,2026-05-04 05:52:05.37475+00,,success,
752,2026-05-04 06:52:05.197553+00,2026-05-04 06:52:05.197553+00,,success,
753,2026-05-04 07:10:48.948629+00,2026-05-04 07:10:48.948629+00,,success,
754,2026-05-04 07:52:05.446763+00,2026-05-04 07:52:05.446763+00,,success,
755,2026-05-04 08:14:17.332579+00,2026-05-04 08:14:17.332579+00,,success,
756,2026-05-04 08:52:05.231639+00,2026-05-04 08:52:05.231639+00,,success,
757,2026-05-04 09:52:05.629335+00,2026-05-04 09:52:05.629335+00,,success,
758,2026-05-04 09:59:11.778852+00,2026-05-04 09:59:11.778852+00,,success,
759,2026-05-04 10:52:05.421061+00,2026-05-04 10:52:05.421061+00,,success,
760,2026-05-04 11:52:05.859273+00,2026-05-04 11:52:05.859273+00,,success,
761,2026-05-04 12:52:05.252387+00,2026-05-04 12:52:05.252387+00,,success,
762,2026-05-04 13:52:05.36114+00,2026-05-04 13:52:05.36114+00,,success,
763,2026-05-04 14:52:05.418637+00,2026-05-04 14:52:05.418637+00,,success,
764,2026-05-04 15:52:06.010388+00,2026-05-04 15:52:06.010388+00,,success,
765,2026-05-04 16:52:05.26682+00,2026-05-04 16:52:05.26682+00,,success,
766,2026-05-04 17:52:05.597709+00,2026-05-04 17:52:05.597709+00,,success,
767,2026-05-04 18:52:05.209213+00,2026-05-04 18:52:05.209213+00,,success,
768,2026-05-04 19:52:05.451455+00,2026-05-04 19:52:05.451455+00,,success,
769,2026-05-04 20:51:52.381848+00,2026-05-04 20:51:52.381848+00,,success,
770,2026-05-04 20:54:59.808472+00,2026-05-04 20:54:59.808472+00,,success,
771,2026-05-04 21:15:22.751267+00,2026-05-04 21:15:22.751267+00,,success,
772,2026-05-04 21:44:28.396077+00,2026-05-04 21:44:28.396077+00,,success,
773,2026-05-04 21:50:50.194217+00,2026-05-04 21:50:50.194217+00,,success,
774,2026-05-04 22:06:35.25602+00,2026-05-04 22:06:35.25602+00,,success,
775,2026-05-04 22:50:50.507524+00,2026-05-04 22:50:50.507524+00,,success,
776,2026-05-04 23:05:34.212449+00,2026-05-04 23:05:34.212449+00,,success,
777,2026-05-04 23:44:26.429794+00,2026-05-04 23:44:26.429794+00,,success,
778,2026-05-05 00:10:35.874989+00,2026-05-05 00:10:35.874989+00,,success,
779,2026-05-05 00:42:19.503901+00,2026-05-05 00:42:19.503901+00,,success,
780,2026-05-05 00:43:26.06305+00,2026-05-05 00:43:26.06305+00,,success,
781,2026-05-05 01:23:30.949638+00,2026-05-05 01:23:30.949638+00,,success,
782,2026-05-05 01:28:35.123863+00,2026-05-05 01:28:35.123863+00,,success,
783,2026-05-05 01:34:31.241754+00,2026-05-05 01:34:31.241754+00,,success,
784,2026-05-05 01:43:26.235807+00,2026-05-05 01:43:26.235807+00,,success,
785,2026-05-05 01:54:20.519376+00,2026-05-05 01:54:20.519376+00,,success,
786,2026-05-05 02:09:02.50979+00,2026-05-05 02:09:02.50979+00,,success,
787,2026-05-05 02:21:47.504531+00,2026-05-05 02:21:47.504531+00,,success,
788,2026-05-05 02:32:55.53543+00,2026-05-05 02:32:55.53543+00,,success,
789,2026-05-05 02:39:52.174706+00,2026-05-05 02:39:52.174706+00,,success,
790,2026-05-05 02:50:55.039698+00,2026-05-05 02:50:55.039698+00,,success,
791,2026-05-05 02:54:21.39923+00,2026-05-05 02:54:21.39923+00,,success,
792,2026-05-05 03:08:02.200894+00,2026-05-05 03:08:02.200894+00,,success,
793,2026-05-05 03:14:17.874542+00,2026-05-05 03:14:17.874542+00,,success,
794,2026-05-05 03:52:28.422508+00,2026-05-05 03:52:28.422508+00,,success,
795,2026-05-05 04:13:17.723752+00,2026-05-05 04:13:17.723752+00,,success,
796,2026-05-05 04:51:28.379735+00,2026-05-05 04:51:28.379735+00,,success,
797,2026-05-05 05:13:17.543671+00,2026-05-05 05:13:17.543671+00,,success,
798,2026-05-05 05:51:28.567794+00,2026-05-05 05:51:28.567794+00,,success,
799,2026-05-05 06:13:17.568332+00,2026-05-05 06:13:17.568332+00,,success,
800,2026-05-05 06:51:28.275244+00,2026-05-05 06:51:28.275244+00,,success,
801,2026-05-05 07:13:17.898373+00,2026-05-05 07:13:17.898373+00,,success,
802,2026-05-05 07:51:28.600757+00,2026-05-05 07:51:28.600757+00,,success,
803,2026-05-05 08:13:17.862876+00,2026-05-05 08:13:17.862876+00,,success,
804,2026-05-05 08:51:28.621397+00,2026-05-05 08:51:28.621397+00,,success,
805,2026-05-05 09:13:17.287381+00,2026-05-05 09:13:17.287381+00,,success,
806,2026-05-05 09:51:28.637484+00,2026-05-05 09:51:28.637484+00,,success,
807,2026-05-05 10:51:28.932537+00,2026-05-05 10:51:28.932537+00,,success,
808,2026-05-05 11:51:28.434824+00,2026-05-05 11:51:28.434824+00,,success,
809,2026-05-05 12:51:28.920113+00,2026-05-05 12:51:28.920113+00,,success,
810,2026-05-05 13:51:28.479177+00,2026-05-05 13:51:28.479177+00,,success,
811,2026-05-05 14:20:24.872234+00,2026-05-05 14:20:24.872234+00,,success,
812,2026-05-05 14:50:45.512585+00,2026-05-05 14:50:45.512585+00,,success,
813,2026-05-05 14:51:28.428114+00,2026-05-05 14:51:28.428114+00,,success,
814,2026-05-05 15:32:07.491833+00,2026-05-05 15:32:07.491833+00,,success,
815,2026-05-05 15:40:25.332354+00,2026-05-05 15:40:25.332354+00,,success,
816,2026-05-05 15:51:28.966848+00,2026-05-05 15:51:28.966848+00,,success,
817,2026-05-05 16:32:07.177985+00,2026-05-05 16:32:07.177985+00,,success,
818,2026-05-05 16:46:34.547887+00,2026-05-05 16:46:34.547887+00,,success,
819,2026-05-05 17:45:34.51066+00,2026-05-05 17:45:34.51066+00,,success,
820,2026-05-05 18:34:10.883597+00,2026-05-05 18:34:10.883597+00,,success,
821,2026-05-05 18:45:34.426999+00,2026-05-05 18:45:34.426999+00,,success,
822,2026-05-05 19:00:21.040128+00,2026-05-05 19:00:21.040128+00,,success,
823,2026-05-05 19:06:19.551363+00,2026-05-05 19:06:19.551363+00,,success,
824,2026-05-05 19:11:00.330311+00,2026-05-05 19:11:00.330311+00,,success,
825,2026-05-05 19:19:34.236213+00,2026-05-05 19:19:34.236213+00,,success,
826,2026-05-05 19:35:04.002976+00,2026-05-05 19:35:04.002976+00,,success,
827,2026-05-05 19:42:57.951391+00,2026-05-05 19:42:57.951391+00,,success,
828,2026-05-05 19:45:34.394549+00,2026-05-05 19:45:34.394549+00,,success,
829,2026-05-05 19:50:00.528182+00,2026-05-05 19:50:00.528182+00,,success,
830,2026-05-05 20:00:00.427443+00,2026-05-05 20:00:00.427443+00,,success,
831,2026-05-05 20:45:34.769136+00,2026-05-05 20:45:34.769136+00,,success,
832,2026-05-05 20:58:08.799868+00,2026-05-05 20:58:08.799868+00,,success,
833,2026-05-05 21:57:08.849405+00,2026-05-05 21:57:08.849405+00,,success,
834,2026-05-05 22:57:08.90085+00,2026-05-05 22:57:08.90085+00,,success,
835,2026-05-05 23:57:09.09609+00,2026-05-05 23:57:09.09609+00,,success,
836,2026-05-06 00:57:09.065614+00,2026-05-06 00:57:09.065614+00,,success,
837,2026-05-06 01:57:08.829222+00,2026-05-06 01:57:08.829222+00,,success,
838,2026-05-06 02:57:08.848077+00,2026-05-06 02:57:08.848077+00,,success,
839,2026-05-06 03:57:08.937944+00,2026-05-06 03:57:08.937944+00,,success,
840,2026-05-06 04:57:08.817259+00,2026-05-06 04:57:08.817259+00,,success,
841,2026-05-06 05:57:08.849089+00,2026-05-06 05:57:08.849089+00,,success,
842,2026-05-06 06:57:08.949891+00,2026-05-06 06:57:08.949891+00,,success,
843,2026-05-06 07:57:08.914901+00,2026-05-06 07:57:08.914901+00,,success,
844,2026-05-06 08:57:09.11822+00,2026-05-06 08:57:09.11822+00,,success,
845,2026-05-06 09:57:08.836723+00,2026-05-06 09:57:08.836723+00,,success,
846,2026-05-06 10:57:08.896209+00,2026-05-06 10:57:08.896209+00,,success,
847,2026-05-06 11:57:08.773006+00,2026-05-06 11:57:08.773006+00,,success,
848,2026-05-06 12:57:08.96216+00,2026-05-06 12:57:08.96216+00,,success,
849,2026-05-06 13:57:08.828263+00,2026-05-06 13:57:08.828263+00,,success,
850,2026-05-06 14:11:16.335768+00,2026-05-06 14:11:16.335768+00,,success,
851,2026-05-06 14:49:14.122452+00,2026-05-06 14:49:14.122452+00,,success,
852,2026-05-06 14:57:09.213544+00,2026-05-06 14:57:09.213544+00,,success,
853,2026-05-06 15:48:13.417271+00,2026-05-06 15:48:13.417271+00,,success,
854,2026-05-06 15:57:09.048737+00,2026-05-06 15:57:09.048737+00,,success,
855,2026-05-06 16:48:13.150956+00,2026-05-06 16:48:13.150956+00,,success,
856,2026-05-06 16:57:08.890282+00,2026-05-06 16:57:08.890282+00,,success,
857,2026-05-06 17:48:13.412329+00,2026-05-06 17:48:13.412329+00,,success,
858,2026-05-06 17:57:09.096145+00,2026-05-06 17:57:09.096145+00,,success,
859,2026-05-06 18:03:25.663289+00,2026-05-06 18:03:25.663289+00,,success,
860,2026-05-06 18:14:45.951096+00,2026-05-06 18:14:45.951096+00,,success,
861,2026-05-06 18:34:09.407055+00,2026-05-06 18:34:09.407055+00,,success,
862,2026-05-06 18:37:45.957278+00,2026-05-06 18:37:45.957278+00,,success,
863,2026-05-06 18:57:09.199117+00,2026-05-06 18:57:09.199117+00,,success,
864,2026-05-06 18:59:37.772251+00,2026-05-06 18:59:37.772251+00,,success,
865,2026-05-06 19:04:02.422917+00,2026-05-06 19:04:02.422917+00,,success,
866,2026-05-06 19:32:27.981157+00,2026-05-06 19:32:27.981157+00,,success,
867,2026-05-06 19:55:54.483093+00,2026-05-06 19:55:54.483093+00,,success,
868,2026-05-06 19:57:09.143768+00,2026-05-06 19:57:09.143768+00,,success,
869,2026-05-06 20:31:57.048367+00,2026-05-06 20:31:57.048367+00,,success,
870,2026-05-06 20:57:09.214546+00,2026-05-06 20:57:09.214546+00,,success,
871,2026-05-06 21:09:46.742194+00,2026-05-06 21:09:46.742194+00,,success,
872,2026-05-06 21:18:45.070733+00,2026-05-06 21:18:45.070733+00,,success,
873,2026-05-06 21:30:14.969041+00,2026-05-06 21:30:14.969041+00,,success,
874,2026-05-06 21:43:37.605623+00,2026-05-06 21:43:37.605623+00,,success,
875,2026-05-06 21:48:55.565767+00,2026-05-06 21:48:55.565767+00,,success,
876,2026-05-06 21:53:17.514946+00,2026-05-06 21:53:17.514946+00,,success,
877,2026-05-06 21:57:09.033459+00,2026-05-06 21:57:09.033459+00,,success,
878,2026-05-06 22:57:09.137914+00,2026-05-06 22:57:09.137914+00,,success,
879,2026-05-06 23:57:08.981258+00,2026-05-06 23:57:08.981258+00,,success,
880,2026-05-07 00:57:08.838096+00,2026-05-07 00:57:08.838096+00,,success,
881,2026-05-07 01:07:27.639669+00,2026-05-07 01:07:27.639669+00,,success,
882,2026-05-07 01:57:08.888377+00,2026-05-07 01:57:08.888377+00,,success,
883,2026-05-07 02:08:08.559211+00,2026-05-07 02:08:08.559211+00,,success,
884,2026-05-07 02:57:09.243937+00,2026-05-07 02:57:09.243937+00,,success,
885,2026-05-07 03:09:07.691845+00,2026-05-07 03:09:07.691845+00,,success,
886,2026-05-07 03:23:44.188643+00,2026-05-07 03:23:44.188643+00,,success,
887,2026-05-07 03:35:55.847824+00,2026-05-07 03:35:55.847824+00,,success,
888,2026-05-07 03:39:07.801262+00,2026-05-07 03:39:07.801262+00,,success,
889,2026-05-07 03:57:09.121476+00,2026-05-07 03:57:09.121476+00,,success,
890,2026-05-07 04:38:07.853219+00,2026-05-07 04:38:07.853219+00,,success,
891,2026-05-07 04:57:08.765679+00,2026-05-07 04:57:08.765679+00,,success,
892,2026-05-07 05:39:59.752082+00,2026-05-07 05:39:59.752082+00,,success,
893,2026-05-07 05:57:09.004172+00,2026-05-07 05:57:09.004172+00,,success,
894,2026-05-07 06:20:55.819631+00,2026-05-07 06:20:55.819631+00,,success,
895,2026-05-07 06:39:48.101614+00,2026-05-07 06:39:48.101614+00,,success,
896,2026-05-07 06:42:17.261883+00,2026-05-07 06:42:17.261883+00,,success,
897,2026-05-07 06:46:42.122049+00,2026-05-07 06:46:42.122049+00,,success,
898,2026-05-07 06:49:44.054856+00,2026-05-07 06:49:44.054856+00,,success,
899,2026-05-07 06:57:08.852192+00,2026-05-07 06:57:08.852192+00,,success,
900,2026-05-07 07:48:44.316022+00,2026-05-07 07:48:44.316022+00,,success,
901,2026-05-07 07:57:08.991148+00,2026-05-07 07:57:08.991148+00,,success,
902,2026-05-07 08:48:44.639575+00,2026-05-07 08:48:44.639575+00,,success,
903,2026-05-07 08:57:09.151088+00,2026-05-07 08:57:09.151088+00,,success,
904,2026-05-07 09:48:45.09455+00,2026-05-07 09:48:45.09455+00,,success,
905,2026-05-07 09:57:08.902007+00,2026-05-07 09:57:08.902007+00,,success,
906,2026-05-07 10:48:44.909168+00,2026-05-07 10:48:44.909168+00,,success,
907,2026-05-07 10:57:08.930954+00,2026-05-07 10:57:08.930954+00,,success,
908,2026-05-07 11:48:44.642471+00,2026-05-07 11:48:44.642471+00,,success,
909,2026-05-07 11:57:08.773732+00,2026-05-07 11:57:08.773732+00,,success,
910,2026-05-07 12:42:39.737078+00,2026-05-07 12:42:39.737078+00,,success,
911,2026-05-07 12:44:52.623299+00,2026-05-07 12:44:52.623299+00,,success,
912,2026-05-07 12:48:12.85483+00,2026-05-07 12:48:12.85483+00,,success,
913,2026-05-07 12:50:46.972686+00,2026-05-07 12:50:46.972686+00,,success,
914,2026-05-07 12:57:08.950086+00,2026-05-07 12:57:08.950086+00,,success,
915,2026-05-07 13:13:18.937112+00,2026-05-07 13:13:18.937112+00,,success,
916,2026-05-07 13:29:10.154675+00,2026-05-07 13:29:10.154675+00,,success,
917,2026-05-07 13:38:00.695951+00,2026-05-07 13:38:00.695951+00,,success,
918,2026-05-07 13:57:09.004567+00,2026-05-07 13:57:09.004567+00,,success,
919,2026-05-07 14:22:32.173763+00,2026-05-07 14:22:32.173763+00,,success,
920,2026-05-07 15:21:32.09316+00,2026-05-07 15:21:32.09316+00,,success,
921,2026-05-07 16:21:32.058941+00,2026-05-07 16:21:32.058941+00,,success,
922,2026-05-07 17:21:32.439509+00,2026-05-07 17:21:32.439509+00,,success,
923,2026-05-07 17:50:11.706081+00,2026-05-07 17:50:11.706081+00,,success,
924,2026-05-07 18:21:32.236885+00,2026-05-07 18:21:32.236885+00,,success,
925,2026-05-07 19:21:32.290135+00,2026-05-07 19:21:32.290135+00,,success,
